{
    "months": [
        "Jan",
        "Feb",
        "Mar",
        "Apr",
        "May",
        "Jun",
        "Jul",
        "Aug",
        "Sep",
        "Oct",
        "Nov",
        "Dec"
    ],
    "berlin": [
        46.44285714285714,
        36.800000000000004,
        37.375,
        27.646428571428572,
        46.989285714285714,
        54.142857142857146,
        70.95,
        55.43928571428571,
        45.51724137931034,
        46.06896551724138,
        40.42068965517242,
        44.23793103448276
    ],
    "sydney": [
        105.3,
        148.5,
        133.20869565217393,
        126.124,
        108.95185185185184,
        134.7153846153846,
        78.94814814814815,
        89.60357142857143,
        68.62592592592593,
        74.70357142857142,
        94.2925925925926,
        76.74137931034483
    ],
    "vancouver": [
        210.31724137931033,
        112.41379310344827,
        151.5758620689655,
        99.46551724137932,
        69.84482758620689,
        54.1,
        30.917241379310347,
        38.36896551724138,
        77.5,
        159.20689655172413,
        234.69310344827588,
        198.56896551724137
    ]
}